<?xml version="1.0" encoding="UTF-8"?>
<project-private xmlns="http://www.netbeans.org/ns/project-private/1">
    <editor-bookmarks xmlns="http://www.netbeans.org/ns/editor-bookmarks/2" lastBookmarkId="0"/>
    <open-files xmlns="http://www.netbeans.org/ns/projectui-open-files/2">
        <group>
            <file>file:/home/alumne_1r/Documents/GitHub/pg/UF3_Ejercicios/src/cat/institutmvm/metodes/metode.java</file>
            <file>file:/home/alumne_1r/Documents/GitHub/pg/UF3_Ejercicios/src/cat/institutmvm/app/main.java</file>
        </group>
    </open-files>
</project-private>
