<?xml version="1.0" encoding="UTF-8"?>
<project-private xmlns="http://www.netbeans.org/ns/project-private/1">
    <editor-bookmarks xmlns="http://www.netbeans.org/ns/editor-bookmarks/2" lastBookmarkId="0"/>
    <open-files xmlns="http://www.netbeans.org/ns/projectui-open-files/2">
        <group>
            <file>file:/C:/Users/marko/OneDrive/Documentos/GitHub/pg/PROJECTE_FINAL/src/cat/institutmvm/app/main.java</file>
            <file>file:/C:/Users/marko/OneDrive/Documentos/GitHub/pg/PROJECTE_FINAL/src/cat/institutmvm/persistence/daos/contracts/UrgenciaDAO.java</file>
            <file>file:/C:/Users/marko/OneDrive/Documentos/GitHub/pg/PROJECTE_FINAL/src/cat/institutmvm/buisness/entities/Visita.java</file>
            <file>file:/C:/Users/marko/OneDrive/Documentos/GitHub/pg/PROJECTE_FINAL/src/cat/institutmvm/persistence/utils/JDBCUtils.java</file>
            <file>file:/C:/Users/marko/OneDrive/Documentos/GitHub/pg/PROJECTE_FINAL/src/cat/institutmvm/ui/MyFrame.java</file>
            <file>file:/C:/Users/marko/OneDrive/Documentos/GitHub/pg/PROJECTE_FINAL/src/cat/institutmvm/persistence/daos/impl/UrgenciaJDBCDAO.java</file>
        </group>
    </open-files>
</project-private>
